id_registro;municipio;data_coleta;preco_venda_rs_litro;bandeira;bairro;revenda;cnpj_revenda;produto;linha_csv_origem
ANP_001;RECIFE;2026-09-21;6,99;VIBRA;IMBIRIBEIRA;CUNHA DERIVADOS DE PETROLEO LTDA;00.216.435/0001-78;GASOLINA;29308
ANP_002;RECIFE;2026-09-21;6,99;VIBRA;BOA VIAGEM;ESTAÇÃO DE SERVIÇOS BOA VIAGEM LTDA;02.016.104/0001-10;GASOLINA;29329
ANP_003;RECIFE;2026-09-21;6,97;BRANCA;CACOTE;POSTO ATENAS LTDA;02.331.341/0001-75;GASOLINA;29326
ANP_004;RECIFE;2026-09-21;6,97;RAIZEN;SAN MARTIN;POSTO IBIZA LTDA;03.281.744/0002-09;GASOLINA;29302
ANP_005;RECIFE;2026-09-21;6,95;BRANCA;AFOGADOS;BRAZ PETRO COMBUSTÍVEIS LTDA;05.002.107/0001-92;GASOLINA;29324
ANP_006;RECIFE;2026-09-21;6,97;VIBRA;VARZEA;POSTO ALBATEX LTDA;05.557.705/0001-28;GASOLINA;29293
ANP_007;RECIFE;2026-09-21;6,99;VIBRA;GRACAS;PETRO MIX LTDA;05.684.913/0001-98;GASOLINA;29290
ANP_008;RECIFE;2026-09-21;6,97;IPIRANGA;IMBIRIBEIRA;CONSTRUCIPE - COMERCIO, CONSTRUCOES E INCORPORACOES LTDA;07.193.050/0002-62;GASOLINA;29284
ANP_009;RECIFE;2026-09-21;6,97;VIBRA;BOA VIAGEM;ORGANIZACAO DE PETROLEO SHOPPING LTDA;09.044.272/0002-49;GASOLINA;29296
ANP_010;RECIFE;2026-09-21;6,97;VIBRA;PONTO DE PARADA;A.B. SILVA & CIA LTDA;10.973.568/0001-42;GASOLINA;29299
ANP_011;RECIFE;2026-09-21;6,99;VIBRA;BOA VIAGEM;POSTO RECH LTDA;11.052.812/0001-05;GASOLINA;31663
ANP_012;RECIFE;2026-09-21;6,97;VIBRA;IMBIRIRBEIRA;PETROCAL PETROLEO CAVALCANTI LIMITADA;12.781.233/0001-58;GASOLINA;29305
ANP_013;RECIFE;2026-09-21;6,99;VIBRA;PINA;PETROCAL PETROLEO CAVALCANTI LIMITADA;12.781.233/0006-62;GASOLINA;29310
ANP_014;RECIFE;2026-09-21;6,99;VIBRA;BOA VIAGEM;PETROCAL PETROLEO CAVALCANTI LIMITADA;12.781.233/0022-82;GASOLINA;33083
ANP_015;RECIFE;2026-09-21;6,97;VIBRA;IMBIRIBEIRA;METRO PETROLEO LTDA;13.212.876/0001-43;GASOLINA;31836
ANP_016;RECIFE;2026-09-21;6,95;BRANCA;BARRO;AUTO POSTO AREIAS PETROLEO LTDA;13.416.163/0001-00;GASOLINA;31937
ANP_017;RECIFE;2026-09-21;6,97;IPIRANGA;IMBIRIBEIRA;AC MORAIS COMBUSTIVEIS LTDA;22.493.813/0001-01;GASOLINA;32446
ANP_018;RECIFE;2026-09-21;6,98;VIBRA;BOA VIAGEM;SOCIEDADE COMERCIAL CAVALCANTI E FILHO LTDA;24.395.071/0002-80;GASOLINA;29322
ANP_019;RECIFE;2026-09-21;6,95;VIBRA;VARZEA;AUTO POSTO ARECIFE COMERCIO DE COMBUSTIVEIS LTDA;28.884.475/0001-07;GASOLINA;32963
ANP_020;RECIFE;2026-09-21;6,99;VIBRA;MADALENA;POSTO CUNHA IV COMERCIO DE COMBUSTIVEL E DERIVADOS LTDA;39.447.751/0001-96;GASOLINA;32982
ANP_021;RECIFE;2026-09-21;6,89;BRANCA;TORRE;CARREFOUR COMERCIO E INDUSTRIA LTDA;45.543.915/0282-72;GASOLINA;29288
ANP_022;RECIFE;2026-09-21;6,99;RAIZEN;PINA;POSTO BALI LTDA;47.243.173/0001-02;GASOLINA;33060
ANP_023;RECIFE;2026-09-21;6,97;VIBRA;IBURA;POSTO PG AEROPORTO LTDA;49.155.603/0001-51;GASOLINA;33090
ANP_024;RECIFE;2026-09-21;6,99;IPIRANGA;BOA VIAGEM;JM COMERCIO DE COMBUSTIVEIS LTDA;53.132.341/0001-87;GASOLINA;33122
ANP_025;RECIFE;2026-09-21;6,99;RAIZEN;GRACAS;CEMOPEL CM PETROLEO LTDA;69.943.686/0001-50;GASOLINA;29319
ANP_026;RECIFE;2026-09-21;6,99;RAIZEN;PARNAMIRIM;CEMOPEL CM PETROLEO LTDA;69.943.686/0002-31;GASOLINA;29316
ANP_027;RECIFE;2026-09-21;6,97;RAIZEN;BOA VIAGEM;CEMOPEL CM PETROLEO LTDA;69.943.686/0008-27;GASOLINA;31338
ANP_028;RECIFE;2026-09-21;6,97;IPIRANGA;BOA VIAGEM;NASHE COMBUSTIVEIS LTDA;70.090.972/0001-08;GASOLINA;29313
ANP_029;OLINDA;2026-09-21;6,95;VIBRA;RIO DOCE;RIO DOCE COMERCIO E SERVICOS LTDA;03.008.754/0001-86;GASOLINA;29276
ANP_030;OLINDA;2026-09-21;6,95;VIBRA;SANTA TEREZA;NVM COMERCIO E DERIVADOS DE PETROLEO LTDA;04.155.302/0001-90;GASOLINA;29273
ANP_031;OLINDA;2026-09-21;6,95;VIBRA;CASA CAIADA;AUTO POSTO CASA CAIADA LTDA;04.284.939/0001-86;GASOLINA;29271
ANP_032;OLINDA;2026-09-24;6,95;VIBRA;BAIRRO NOVO;POSTO CIDADE PATRIMONIO LTDA;05.428.059/0001-07;GASOLINA;38411
ANP_033;OLINDA;2026-09-21;6,95;BRANCA;RIO DOCE;L S DE OLIVEIRA DISTRIBUIDORA DE COMBUSTIVEIS E DERIVADOS;06.258.660/0001-53;GASOLINA;32795
ANP_034;OLINDA;2026-09-24;6,95;VIBRA;PEIXINHOS;POSTO SANTANA LTDA;08.192.593/0001-47;GASOLINA;38413
ANP_035;OLINDA;2026-09-21;6,95;VIBRA;JARDIM ATLANTICO;R. J. COMBUSTÍVEIS E LUBRIFICANTES LTDA.;08.726.064/0001-86;GASOLINA;29263
ANP_036;OLINDA;2026-09-21;6,95;VIBRA;SANTA TEREZA;POSTO SAO JANUARIO LTDA;08.757.155/0001-89;GASOLINA;29268
ANP_037;OLINDA;2026-09-24;6,95;VIBRA;BAIRRO NOVO;SV COMERCIO DE PETROLEO LTDA;10.821.115/0001-09;GASOLINA;39403
ANP_038;OLINDA;2026-09-21;6,95;BRANCA;CASA CAIADA;SILVA SOBRINHO COMBUSTIVEIS LTDA;12.188.727/0001-23;GASOLINA;31816
ANP_039;JABOATAO DOS GUARARAPES;2026-09-23;6,98;VIBRA;PRAZERES;GUARUJA COMERCIO E DISTRIBUICAO DE PETROLEO LTDA;01.457.180/0001-06;GASOLINA;36052
ANP_040;JABOATAO DOS GUARARAPES;2026-09-23;6,95;LARCO;PIEDADE;POSTO CANCUN LTDA;01.912.250/0001-60;GASOLINA;36081
ANP_041;JABOATAO DOS GUARARAPES;2026-09-23;6,95;BRANCA;PIEDADE;RP COMERCIO DE COMBUSTIVEL LTDA;04.741.326/0001-20;GASOLINA;36069
ANP_042;JABOATAO DOS GUARARAPES;2026-09-23;6,95;RAIZEN;CANDEIAS;CMA PETROLEO UNIPESSOAL LTDA;05.263.779/0001-51;GASOLINA;36078
ANP_043;JABOATAO DOS GUARARAPES;2026-09-23;6,95;RAIZEN;PIEDADE;SAO MIGUEL PETROLEO LTDA.;06.077.409/0001-92;GASOLINA;36063
ANP_044;JABOATAO DOS GUARARAPES;2026-09-23;6,93;BRANCA;PIEDADE;POSTO JARDIM PIEDADE LTDA;06.251.430/0001-62;GASOLINA;36061
ANP_045;JABOATAO DOS GUARARAPES;2026-09-23;6,95;IPIRANGA;PIEDADE;JL LEMOS COMBUSTÍVEL LTDA.;07.065.530/0001-67;GASOLINA;36055
ANP_046;JABOATAO DOS GUARARAPES;2026-09-23;6,99;VIBRA;PIEDADE;POSTO APIPUCOS LTDA;08.986.176/0002-57;GASOLINA;36058
ANP_047;JABOATAO DOS GUARARAPES;2026-09-23;6,99;VIBRA;PIEDADE;SERVICAR S/A;09.798.307/0005-88;GASOLINA;36075
ANP_048;JABOATAO DOS GUARARAPES;2026-09-23;6,97;RAIZEN;CANDEIAS;ALBUQUERQUE PNEUS LTDA;11.117.785/0013-37;GASOLINA;36049
ANP_049;JABOATAO DOS GUARARAPES;2026-09-23;6,95;VIBRA;PIEDADE;MARIA ALICE CAVALCANTI DE MORAIS EIRELI;32.522.471/0001-56;GASOLINA;37859
ANP_050;JABOATAO DOS GUARARAPES;2026-09-23;6,95;IPIRANGA;CANDEIAS;J L I COMBUSTÍVEL LTDA;35.353.465/0001-00;GASOLINA;36072
ANP_051;JABOATAO DOS GUARARAPES;2026-09-23;6,95;RAIZEN;PIEDADE;CEMOPEL CM PETROLEO LTDA;69.943.686/0006-65;GASOLINA;36066
