id;recurso;referencia;nivel;pilar;grupos;fluxo_critico;horas_estimadas;aplicavel_mvp;observacao;custo_reais;n_grupos;pts_nivel;pts_fluxo;pts_grupos;impacto;razao_impacto_hora;camada;ordem;horas_acumuladas;no_pacote;decisao
N21;Símbolo de acessibilidade em destaque e página de acessibilidade;LBI (Lei 13.146/2015), art. 63, par. 1;LBI;Lei;visual,auditiva,motora,cognitiva;não;1,5;Sim;Único requisito de interface citado literalmente no art. 63. Acrescentado na preparação.;0,0;4;3,0;0,0;1,0;4,0;2,667;T0;1,0;1,5;True;Fazer no MVP
N17;Sem reentrada desnecessária de dados e com autopreenchimento (autocomplete);WCAG 2.2: 3.3.7 (A), 1.3.5 (AA);A;Compreensível;cognitiva,motora;sim;1,0;Sim;Reaproveitar dados do cadastro no agendamento.;0,0;2;3,0;1,0;1,0;5,0;5,0;T1;2,0;2,5;True;Fazer no MVP
N03;"Texto alternativo em imagens informativas e nome acessível em ícones-botão; imagens decorativas com alt vazio";WCAG 2.2: 1.1.1 (A);A;Perceptível;visual;sim;1,0;Sim;Ícones de ação (agendar, cancelar) precisam de nome acessível.;0,0;1;3,0;1,0;0,0;4,0;4,0;T1;3,0;3,5;True;Fazer no MVP
N07;Informação não transmitida apenas por cor (status do agendamento, links sublinhados);WCAG 2.2: 1.4.1 (A);A;Perceptível;visual;sim;1,0;Sim;Status com texto e ícone, além da cor.;0,0;1;3,0;1,0;0,0;4,0;4,0;T1;4,0;4,5;True;Fazer no MVP
N13;Seletor de data e horário com controles nativos (input de data, select ou radio);WCAG 2.2: 2.1.1 (A), 4.1.2 (A);A;Operável;motora,visual,cognitiva;sim;1,5;Sim;Usar elementos HTML nativos reduz o custo. A versão customizada ficou em X03.;0,0;3;3,0;1,0;1,0;5,0;3,333;T1;5,0;6,0;True;Fazer no MVP
N18;Aviso e possibilidade de estender o tempo de sessão;WCAG 2.2: 2.2.1 (A);A;Operável;cognitiva,motora,visual;sim;1,5;Sim;Relevante por causa da expiração de token no login.;0,0;3;3,0;1,0;1,0;5,0;3,333;T1;6,0;7,5;True;Fazer no MVP
N04;Rótulos associados aos campos e instruções nos formulários (login, cadastro, agendamento);WCAG 2.2: 1.3.1 (A), 3.3.2 (A), 2.5.3 (A);A;Compreensível;visual,cognitiva,motora;sim;2,0;Sim;Um componente de campo reutilizável reduz o custo.;0,0;3;3,0;1,0;1,0;5,0;2,5;T1;7,0;9,5;True;Fazer no MVP
N05;Identificação e sugestão de correção de erros em formulários;WCAG 2.2: 3.3.1 (A), 3.3.3 (AA);A;Compreensível;visual,cognitiva;sim;2,0;Sim;Erro em texto, associado ao campo, sem depender só de cor.;0,0;2;3,0;1,0;1,0;5,0;2,5;T1;8,0;11,5;True;Fazer no MVP
N12;Operação por teclado nos fluxos principais com controles nativos, ordem lógica e sem armadilha de foco;WCAG 2.2: 2.1.1 (A), 2.1.2 (A), 2.4.3 (A);A;Operável;motora,visual;sim;2,5;Sim;Evitar modais customizados no MVP.;0,0;2;3,0;1,0;1,0;5,0;2,0;T1;9,0;14,0;True;Fazer no MVP
N14;"Nome, função e valor em componentes; mensagens de status anunciadas (confirmação, erro)";WCAG 2.2: 4.1.2 (A), 4.1.3 (AA);A;Robusto;visual;sim;2,0;Sim;ARIA mínimo, priorizando elementos HTML nativos.;0,0;1;3,0;1,0;0,0;4,0;2,0;T1;10,0;16,0;True;Fazer no MVP
N16;Autenticação sem teste cognitivo: permitir colar senha e gerenciador de senhas, sem CAPTCHA de enigma;WCAG 2.2: 3.3.8 (AA);AA;Compreensível;cognitiva,motora;sim;0,5;Sim;Campos de login com autocomplete correto.;0,0;2;3,0;1,0;1,0;5,0;10,0;T2;11,0;16,5;False;Adiar (2ª entrega)
N02;Título de cada página e idioma pt-BR declarado;WCAG 2.2: 2.4.2 (A), 3.1.1 (A);A;Operável;visual,cognitiva;não;0,5;Sim;Ajuste em template único.;0,0;2;3,0;0,0;1,0;4,0;8,0;T2;12,0;17,0;False;Adiar (2ª entrega)
N09;Espaçamento de texto ajustável sem perda de conteúdo;WCAG 2.2: 1.4.12 (AA);AA;Perceptível;visual,aprendizagem;não;0,5;Sim;Evitar alturas fixas em caixas de texto.;0,0;2;3,0;0,0;1,0;4,0;8,0;T2;13,0;17,5;False;Adiar (2ª entrega)
N11;Foco não obscurecido por elementos fixos (cabeçalho, rodapé);WCAG 2.2: 2.4.11 (AA);AA;Operável;motora,visual;não;0,5;Sim;Critério novo da WCAG 2.2.;0,0;2;3,0;0,0;1,0;4,0;8,0;T2;14,0;18,0;False;Adiar (2ª entrega)
N19;Respeitar preferência de movimento reduzido e evitar animação automática longa;WCAG 2.2: 2.2.2 (A);A;Operável;cognitiva,neurologica;não;0,5;Sim;Media query prefers-reduced-motion.;0,0;2;3,0;0,0;1,0;4,0;8,0;T2;15,0;18,5;False;Adiar (2ª entrega)
N20;Orientação da tela livre (manifest do PWA sem travar a orientação);WCAG 2.2: 1.3.4 (AA);AA;Perceptível;motora;não;0,5;Sim;Específico de PWA.;0,0;1;3,0;0,0;0,0;3,0;6,0;T2;16,0;19,0;False;Adiar (2ª entrega)
N10;Indicador de foco de teclado visível;WCAG 2.2: 2.4.7 (AA);AA;Operável;visual,motora;sim;1,0;Sim;Não remover o outline padrão sem substituto.;0,0;2;3,0;1,0;1,0;5,0;5,0;T2;17,0;20,0;False;Adiar (2ª entrega)
N15;Alvos de toque com no mínimo 24 por 24 px;WCAG 2.2: 2.5.8 (AA);AA;Operável;motora,idosa;sim;1,0;Sim;Critério novo da WCAG 2.2, relevante para PWA no celular.;0,0;2;3,0;1,0;1,0;5,0;5,0;T2;18,0;21,0;False;Adiar (2ª entrega)
N06;Contraste mínimo de texto (4,5:1) e de componentes de interface (3:1);WCAG 2.2: 1.4.3 (AA), 1.4.11 (AA);AA;Perceptível;visual,idosa;sim;1,5;Sim;Definir as cores como variáveis de CSS no início do projeto.;0,0;2;3,0;1,0;1,0;5,0;3,333;T2;19,0;22,5;False;Adiar (2ª entrega)
N08;Zoom de texto até 200% e reflow em 320 px de largura;WCAG 2.2: 1.4.4 (AA), 1.4.10 (AA);AA;Perceptível;visual,idosa;sim;1,5;Sim;Layout responsivo com unidades relativas.;0,0;2;3,0;1,0;1,0;5,0;3,333;T2;20,0;24,0;False;Adiar (2ª entrega)
N01;Estrutura semântica: landmarks (header, nav, main, footer) e hierarquia de títulos;WCAG 2.2: 1.3.1 (A), 2.4.1 (A), 2.4.6 (AA);A;Perceptível;visual,cognitiva;não;2,0;Sim;Base para leitores de tela. Custo menor se os componentes já nascem semânticos.;0,0;2;3,0;0,0;1,0;4,0;2,0;T2;21,0;26,0;False;Adiar (2ª entrega)
P04;Controle de altura da linha;"Sem critério próprio; apoia 1.4.12 (AA)";Boa prática;Perceptível;visual,aprendizagem;não;1,0;Sim;Item da lista inicial da equipe.;0,0;2;1,0;0,0;1,0;2,0;2,0;T2;22,0;27,0;False;Backlog (depois do núcleo)
P05;Modo de destaque de links;"Sem critério próprio; apoia 1.4.1 (A)";Boa prática;Perceptível;visual,cognitiva;não;1,0;Sim;Item da lista inicial da equipe.;0,0;2;1,0;0,0;1,0;2,0;2,0;T2;23,0;28,0;False;Backlog (depois do núcleo)
P02;Botões para aumentar e reduzir o tamanho da fonte;"Sem critério próprio; o zoom do navegador atende 1.4.4 (AA)";Boa prática;Perceptível;visual,idosa;não;1,5;Sim;Item da lista inicial da equipe.;0,0;2;1,0;0,0;1,0;2,0;1,333;T2;24,0;29,5;False;Backlog (depois do núcleo)
P03;Controle de espaçamento de texto;"Sem critério próprio; apoia 1.4.12 (AA)";Boa prática;Perceptível;visual,aprendizagem;não;1,5;Sim;Item da lista inicial da equipe.;0,0;2;1,0;0,0;1,0;2,0;1,333;T2;25,0;31,0;False;Backlog (depois do núcleo)
P06;Botão para parar animações;"Sem critério próprio; apoia 2.2.2 (A)";Boa prática;Operável;cognitiva,neurologica;não;1,5;Sim;Item da lista inicial da equipe.;0,0;2;1,0;0,0;1,0;2,0;1,333;T2;26,0;32,5;False;Backlog (depois do núcleo)
P10;Controle de saturação de cores;Sem critério WCAG próprio;Boa prática;Perceptível;visual,neurologica;não;1,5;Sim;Item da lista inicial da equipe.;0,0;2;1,0;0,0;1,0;2,0;1,333;T2;27,0;34,0;False;Backlog (depois do núcleo)
P08;Cursor aumentado e destaque de cursor;"Sem critério WCAG próprio; recurso comum do sistema operacional";Boa prática;Operável;motora,visual;não;2,0;Sim;Item da lista inicial da equipe.;0,0;2;1,0;0,0;1,0;2,0;1,0;T2;28,0;36,0;False;Backlog (depois do núcleo)
X01;Contraste reforçado de 7:1;WCAG 2.2: 1.4.6 (AAA);AAA;Perceptível;visual,idosa;não;2,0;Sim;Nível AAA, acima do exigido pela conformidade regular da NBR 17225.;0,0;2;1,0;0,0;1,0;2,0;1,0;T2;29,0;38,0;False;Backlog (depois do núcleo)
P11;Widget VLibras (tradução do texto para Libras);"Sem critério A/AA para texto; Libras em mídia gravada é 1.2.6 (AAA)";Boa prática;Perceptível;auditiva;não;1,0;Sim;Verificar compatibilidade com PWA e licença em vlibras.gov.br antes de adotar.;0,0;1;1,0;0,0;0,0;1,0;1,0;T2;30,0;39,0;False;Backlog (depois do núcleo)
P01;Tema de alto contraste selecionável (tipos de contraste);"Sem critério A/AA próprio; apoia 1.4.3 (AA) e 1.4.6 (AAA)";Boa prática;Perceptível;visual,idosa;não;2,5;Sim;Item da lista inicial da equipe.;0,0;2;1,0;0,0;1,0;2,0;0,8;T2;31,0;41,5;False;Backlog (depois do núcleo)
P09;Guia de leitura (régua de leitura);Sem critério WCAG próprio;Boa prática;Perceptível;aprendizagem,cognitiva;não;3,0;Sim;Item da lista inicial da equipe.;0,0;2;1,0;0,0;1,0;2,0;0,667;T2;32,0;44,5;False;Backlog (depois do núcleo)
X02;Linguagem simples e nível de leitura adequado;WCAG 2.2: 3.1.5 (AAA);AAA;Compreensível;cognitiva,aprendizagem;não;3,0;Sim;Nível AAA.;0,0;2;1,0;0,0;1,0;2,0;0,667;T2;33,0;47,5;False;Backlog (depois do núcleo)
P07;Ocultar imagens e gráficos decorativos;"Sem critério próprio; apoia 1.1.1 (A)";Boa prática;Perceptível;cognitiva;não;2,0;Sim;Item da lista inicial da equipe.;0,0;1;1,0;0,0;0,0;1,0;0,5;T2;34,0;49,5;False;Backlog (depois do núcleo)
G01;Tabela de dados como alternativa aos gráficos;WCAG 2.2: 1.1.1 (A), 1.3.1 (A);A;Perceptível;visual,cognitiva;não;3,0;Condicional;Só se houver gráficos no produto.;0,0;2;3,0;0,0;1,0;4,0;1,333;-;;;False;Condicional (só se houver gráficos)
G02;Descrição textual e ARIA para gráficos;WCAG 2.2: 1.1.1 (A);A;Perceptível;visual;não;2,5;Condicional;Só se houver gráficos no produto.;0,0;1;3,0;0,0;0,0;3,0;1,2;-;;;False;Condicional (só se houver gráficos)
G03;Paleta segura para daltonismo e padrões ou texturas além da cor;WCAG 2.2: 1.4.1 (A), 1.4.11 (AA);A;Perceptível;visual;não;3,0;Condicional;Só se houver gráficos no produto.;0,0;1;3,0;0,0;0,0;3,0;1,0;-;;;False;Condicional (só se houver gráficos)
G04;Navegação por teclado em filtros e gráficos interativos;WCAG 2.2: 2.1.1 (A);A;Operável;motora,visual;não;8,0;Condicional;Só se houver gráficos no produto.;0,0;2;3,0;0,0;1,0;4,0;0,5;-;;;False;Condicional (só se houver gráficos)
G05;Tooltip acessível por foco, teclado e leitor de tela;WCAG 2.2: 1.4.13 (AA);AA;Perceptível;visual,motora;não;3,5;Condicional;Só se houver gráficos no produto.;0,0;2;3,0;0,0;1,0;4,0;1,143;-;;;False;Condicional (só se houver gráficos)
V01;Verificação: Lighthouse, axe DevTools, WAVE, teclado e NVDA nos fluxos principais;Checklist de conformidade (a NBR 17225 traz checklist de aferição);Verificação;Robusto;visual,auditiva,motora,cognitiva;não;4,0;Reserva;Ferramentas gratuitas.;0,0;4;;;;;;-;;;False;Reserva de verificação
X03;Calendário customizado seguindo o padrão ARIA (alternativa a N13);WCAG 2.2: 2.1.1 (A), 4.1.2 (A);Boa prática;Operável;motora,visual,cognitiva;sim;6,0;Alternativa;Alternativa a N13. Não somar com N13.;0,0;3;1,0;1,0;1,0;3,0;0,5;-;;;False;Alternativa (não somar)
