multiplicador_das_estimativas;capacidade_total_h;capacidade_implementacao_h;itens_no_pacote;horas_usadas;itens_do_nucleo_cobertos;itens_do_nucleo_total;pct_itens_do_nucleo;pct_horas_do_nucleo;bloqueadores_e_lei_cobertos
1,0;12;8,0;6;7,5;6;21;28,6;28,8;6 de 10
1,0;16;12,0;8;11,5;8;21;38,1;44,2;8 de 10
1,0;20;16,0;10;16,0;10;21;47,6;61,5;10 de 10
1,0;24;20,0;17;20,0;17;21;81,0;76,9;10 de 10
1,0;30;26,0;21;26,0;21;21;100,0;100,0;10 de 10
1,0;32;28,0;23;28,0;21;21;100,0;100,0;10 de 10
1,0;40;36,0;28;36,0;21;21;100,0;100,0;10 de 10
1,5;12;6,0;3;5,25;3;21;14,3;13,5;3 de 10
1,5;16;10,0;5;9,0;5;21;23,8;23,1;5 de 10
1,5;20;14,0;6;11,25;6;21;28,6;28,8;6 de 10
1,5;24;18,0;8;17,25;8;21;38,1;44,2;8 de 10
1,5;30;24,0;10;24,0;10;21;47,6;61,5;10 de 10
1,5;32;26,0;12;25,5;12;21;57,1;65,4;10 de 10
1,5;40;34,0;19;33,75;19;21;90,5;86,5;10 de 10
