eleicao_id;secao_id;municipio;uf;cargo;bairro;eleitores_aptos
SIMULACAO_GOVERNADOR_PE_RECIFE;SEC001;Recife;PE;Governador;Boa Viagem;1250
SIMULACAO_GOVERNADOR_PE_RECIFE;SEC002;Recife;PE;Governador;Boa Viagem;1420
SIMULACAO_GOVERNADOR_PE_RECIFE;SEC003;Recife;PE;Governador;Boa Viagem;980
SIMULACAO_GOVERNADOR_PE_RECIFE;SEC004;Recife;PE;Governador;Boa Viagem;1680
SIMULACAO_GOVERNADOR_PE_RECIFE;SEC005;Recife;PE;Governador;Santo Amaro;810
SIMULACAO_GOVERNADOR_PE_RECIFE;SEC006;Recife;PE;Governador;Santo Amaro;1120
SIMULACAO_GOVERNADOR_PE_RECIFE;SEC007;Recife;PE;Governador;Santo Amaro;1480
SIMULACAO_GOVERNADOR_PE_RECIFE;SEC008;Recife;PE;Governador;Santo Amaro;1840
SIMULACAO_GOVERNADOR_PE_RECIFE;SEC009;Recife;PE;Governador;Boa Vista;1360
SIMULACAO_GOVERNADOR_PE_RECIFE;SEC010;Recife;PE;Governador;Boa Vista;1720
SIMULACAO_GOVERNADOR_PE_RECIFE;SEC011;Recife;PE;Governador;Boa Vista;2140
SIMULACAO_GOVERNADOR_PE_RECIFE;SEC012;Recife;PE;Governador;Boa Vista;2260
SIMULACAO_GOVERNADOR_PE_RECIFE;SEC013;Recife;PE;Governador;Madalena;720
SIMULACAO_GOVERNADOR_PE_RECIFE;SEC014;Recife;PE;Governador;Madalena;890
SIMULACAO_GOVERNADOR_PE_RECIFE;SEC015;Recife;PE;Governador;Madalena;1270
SIMULACAO_GOVERNADOR_PE_RECIFE;SEC016;Recife;PE;Governador;Madalena;1520
SIMULACAO_GOVERNADOR_PE_RECIFE;SEC017;Recife;PE;Governador;Casa Amarela;1650
SIMULACAO_GOVERNADOR_PE_RECIFE;SEC018;Recife;PE;Governador;Casa Amarela;1970
SIMULACAO_GOVERNADOR_PE_RECIFE;SEC019;Recife;PE;Governador;Casa Amarela;1130
SIMULACAO_GOVERNADOR_PE_RECIFE;SEC020;Recife;PE;Governador;Casa Amarela;1450
SIMULACAO_GOVERNADOR_PE_RECIFE;SEC021;Recife;PE;Governador;Várzea;800
SIMULACAO_GOVERNADOR_PE_RECIFE;SEC022;Recife;PE;Governador;Várzea;1050
SIMULACAO_GOVERNADOR_PE_RECIFE;SEC023;Recife;PE;Governador;Várzea;1580
SIMULACAO_GOVERNADOR_PE_RECIFE;SEC024;Recife;PE;Governador;Várzea;1880
